Id_cliente,Nombres,Apellidos,Dirección,Telefono_Casa,email
1,Erik,Sánchez Lara,Calle Oscar Segura 9735,256695124,Erik.Sánchez Lara@gmail.com
2,Julia,Mora Cáceres,Manuel Bulnes 2083,231578382,Julia.Mora Cáceres@gmail.com
3,Patricio,Reyes Pizarro,María Castillo 452 Piso 23,245713017,Patricio.Reyes Pizarro@gmail.com
4,Paola,Véliz Vergara,Avenida Los Encinos 6652,269833183,Paola.Véliz Vergara@gmail.com
5,Arturo,Pérez Parra,Manuel Montt 26 Piso 9,248112363,Arturo.Pérez Parra@gmail.com
6,Maricel,Herrera Rojas,Calle Luciano Castro 175 Dpto. 60,284354864,Maricel.Herrera Rojas@gmail.com
7,Juan,Solar Carrasco,Pedro de Valdivia 881,283247195,Juan.Solar Carrasco@gmail.com
8,Brenda,Baez Díaz,Calle Los Piñones 91 Of. 4026,281406469,Brenda.Baez Díaz@gmail.com
9,Dina,Valencia Navarrete,Calle Sebastián Saldivia 2161,291936448,Dina.Valencia Navarrete@gmail.com
10,Marina,Torres Ponce,Gabriela Mistral 2007,220392249,Marina.Torres Ponce@gmail.com
11,Cristian,Ibarra Bravo,Ángel Valenzuela 950,273788442,Cristian.Ibarra Bravo@gmail.com
12,Sergio,Guerrero Castillo,Magdalena Rozas 7784 Dpto. 84,241758485,Sergio.Guerrero Castillo@gmail.com
13,Jhonny,Lara Rivera,Edita Salazar 4916,281077109,Jhonny.Lara Rivera@gmail.com
14,Gloria,Núñez Navarrete,Psje. Gabriela Mistral 29 Of. 4959,279500368,Gloria.Núñez Navarrete@gmail.com
15,Jorge,Delgado Rivas,Ramón Picarte 2601,274777414,Jorge.Delgado Rivas@gmail.com
16,Javiera,Valenzuela Olmedo,Camino Lautaro 549,299314614,Javiera.Valenzuela Olmedo@gmail.com
17,Julia,Uribe Sepúlveda,Avda. Daniela Alarcón 74 Piso 7,259413614,Julia.Uribe Sepúlveda@gmail.com
18,Mónica,Sepúlveda Ortega,Psje. Eusebio Lillo 4475,295899068,Mónica.Sepúlveda Ortega@gmail.com
19,Consuelo,Vera Campos,Los Pinos 824,280879159,Consuelo.Vera Campos@gmail.com
20,Rafael,Arriagada Astudillo,Axel Navarrete 62 Dpto. 30,234954358,Rafael.Arriagada Astudillo@gmail.com
21,Yesenia,Arancibia Araya,Los Lirios 72 Of. 200,298960793,Yesenia.Arancibia Araya@gmail.com
22,Cristóbal,Meza Alfaro,Alonso de Ercilla 2749 Dpto. 74,291891989,Cristóbal.Meza Alfaro@gmail.com
23,Génesis,González Villegas,Berta Leiva 8109,265315548,Génesis.González Villegas@gmail.com
24,Fabricio,Beltrán Pizarro,Calle Carlos Canales 908 Of. 8066,282595634,Fabricio.Beltrán Pizarro@gmail.com
25,Dante,Reyes Godoy,Elsa León 6383,229865677,Dante.Reyes Godoy@gmail.com
26,Freddy,Pérez Gutiérrez,Esmeralda 54,224564490,Freddy.Pérez Gutiérrez@gmail.com
27,Juan,Muñoz Contreras,Psje. Los Robles 7391,273961306,Juan.Muñoz Contreras@gmail.com
28,Renata,Guerra Gálvez,Avda. Ramón Varas 5511 Of. 864,249710487,Renata.Guerra Gálvez@gmail.com
29,Rosa,Meneses Vega,Av. Maximiliano Fuentes 3 Dpto. 35,229125243,Rosa.Meneses Vega@gmail.com
30,Rosa,Rocha Espinoza,Calle Los Tilos 3908 Piso 2,296700307,Rosa.Rocha Espinoza@gmail.com
